game_id,genre_id,name,games_count,image_background
3498,4,Action,191809,https://media.rawg.io/media/games/49c/49c3dfa4ce2f6f140cc4825868e858cb.jpg
3328,4,Action,191809,https://media.rawg.io/media/games/49c/49c3dfa4ce2f6f140cc4825868e858cb.jpg
3328,5,RPG,62059,https://media.rawg.io/media/games/7c4/7c448374df84b607f67ce9182a3a3ca7.jpg
4200,2,Shooter,59643,https://media.rawg.io/media/games/d58/d588947d4286e7b5e0e12e1bea7d9844.jpg
4200,7,Puzzle,97455,https://media.rawg.io/media/games/198/1988a337305e008b41d7f536ce9b73f6.jpg
4291,2,Shooter,59643,https://media.rawg.io/media/games/d58/d588947d4286e7b5e0e12e1bea7d9844.jpg
5286,4,Action,191809,https://media.rawg.io/media/games/49c/49c3dfa4ce2f6f140cc4825868e858cb.jpg
13536,4,Action,191809,https://media.rawg.io/media/games/49c/49c3dfa4ce2f6f140cc4825868e858cb.jpg
13536,7,Puzzle,97455,https://media.rawg.io/media/games/198/1988a337305e008b41d7f536ce9b73f6.jpg
12020,4,Action,191809,https://media.rawg.io/media/games/49c/49c3dfa4ce2f6f140cc4825868e858cb.jpg
12020,2,Shooter,59643,https://media.rawg.io/media/games/d58/d588947d4286e7b5e0e12e1bea7d9844.jpg
28,4,Action,191809,https://media.rawg.io/media/games/49c/49c3dfa4ce2f6f140cc4825868e858cb.jpg
5679,4,Action,191809,https://media.rawg.io/media/games/49c/49c3dfa4ce2f6f140cc4825868e858cb.jpg
5679,5,RPG,62059,https://media.rawg.io/media/games/7c4/7c448374df84b607f67ce9182a3a3ca7.jpg
13537,4,Action,191809,https://media.rawg.io/media/games/49c/49c3dfa4ce2f6f140cc4825868e858cb.jpg
13537,2,Shooter,59643,https://media.rawg.io/media/games/d58/d588947d4286e7b5e0e12e1bea7d9844.jpg
4062,4,Action,191809,https://media.rawg.io/media/games/49c/49c3dfa4ce2f6f140cc4825868e858cb.jpg
4062,2,Shooter,59643,https://media.rawg.io/media/games/d58/d588947d4286e7b5e0e12e1bea7d9844.jpg
802,4,Action,191809,https://media.rawg.io/media/games/49c/49c3dfa4ce2f6f140cc4825868e858cb.jpg
802,2,Shooter,59643,https://media.rawg.io/media/games/d58/d588947d4286e7b5e0e12e1bea7d9844.jpg
802,5,RPG,62059,https://media.rawg.io/media/games/7c4/7c448374df84b607f67ce9182a3a3ca7.jpg
3439,3,Adventure,152132,https://media.rawg.io/media/games/b6b/b6b20bfc4b34e312dbc8aac53c95a348.jpg
4286,4,Action,191809,https://media.rawg.io/media/games/49c/49c3dfa4ce2f6f140cc4825868e858cb.jpg
4286,2,Shooter,59643,https://media.rawg.io/media/games/d58/d588947d4286e7b5e0e12e1bea7d9844.jpg
58175,4,Action,191809,https://media.rawg.io/media/games/49c/49c3dfa4ce2f6f140cc4825868e858cb.jpg
32,4,Action,191809,https://media.rawg.io/media/games/49c/49c3dfa4ce2f6f140cc4825868e858cb.jpg
32,2,Shooter,59643,https://media.rawg.io/media/games/d58/d588947d4286e7b5e0e12e1bea7d9844.jpg
3070,4,Action,191809,https://media.rawg.io/media/games/49c/49c3dfa4ce2f6f140cc4825868e858cb.jpg
3070,5,RPG,62059,https://media.rawg.io/media/games/7c4/7c448374df84b607f67ce9182a3a3ca7.jpg
1030,4,Action,191809,https://media.rawg.io/media/games/49c/49c3dfa4ce2f6f140cc4825868e858cb.jpg
1030,3,Adventure,152132,https://media.rawg.io/media/games/b6b/b6b20bfc4b34e312dbc8aac53c95a348.jpg
1030,51,Indie,86729,https://media.rawg.io/media/games/b4e/b4e4c73d5aa4ec66bbf75375c4847a2b.jpg
1030,7,Puzzle,97455,https://media.rawg.io/media/games/198/1988a337305e008b41d7f536ce9b73f6.jpg
1030,83,Platformer,100950,https://media.rawg.io/media/games/942/9424d6bb763dc38d9378b488603c87fa.jpg
3939,4,Action,191809,https://media.rawg.io/media/games/49c/49c3dfa4ce2f6f140cc4825868e858cb.jpg
3939,2,Shooter,59643,https://media.rawg.io/media/games/d58/d588947d4286e7b5e0e12e1bea7d9844.jpg
11859,4,Action,191809,https://media.rawg.io/media/games/49c/49c3dfa4ce2f6f140cc4825868e858cb.jpg
11859,2,Shooter,59643,https://media.rawg.io/media/games/d58/d588947d4286e7b5e0e12e1bea7d9844.jpg
2454,4,Action,191809,https://media.rawg.io/media/games/49c/49c3dfa4ce2f6f140cc4825868e858cb.jpg
2454,2,Shooter,59643,https://media.rawg.io/media/games/d58/d588947d4286e7b5e0e12e1bea7d9844.jpg
41494,4,Action,191809,https://media.rawg.io/media/games/49c/49c3dfa4ce2f6f140cc4825868e858cb.jpg
41494,2,Shooter,59643,https://media.rawg.io/media/games/d58/d588947d4286e7b5e0e12e1bea7d9844.jpg
41494,5,RPG,62059,https://media.rawg.io/media/games/7c4/7c448374df84b607f67ce9182a3a3ca7.jpg
422,4,Action,191809,https://media.rawg.io/media/games/49c/49c3dfa4ce2f6f140cc4825868e858cb.jpg
422,51,Indie,86729,https://media.rawg.io/media/games/b4e/b4e4c73d5aa4ec66bbf75375c4847a2b.jpg
422,83,Platformer,100950,https://media.rawg.io/media/games/942/9424d6bb763dc38d9378b488603c87fa.jpg
4459,4,Action,191809,https://media.rawg.io/media/games/49c/49c3dfa4ce2f6f140cc4825868e858cb.jpg
4459,3,Adventure,152132,https://media.rawg.io/media/games/b6b/b6b20bfc4b34e312dbc8aac53c95a348.jpg
10213,4,Action,191809,https://media.rawg.io/media/games/49c/49c3dfa4ce2f6f140cc4825868e858cb.jpg
10213,59,Massively Multiplayer,4260,https://media.rawg.io/media/games/095/0953bf01cd4e4dd204aba85489ac9868.jpg
766,4,Action,191809,https://media.rawg.io/media/games/49c/49c3dfa4ce2f6f140cc4825868e858cb.jpg
766,2,Shooter,59643,https://media.rawg.io/media/games/d58/d588947d4286e7b5e0e12e1bea7d9844.jpg
766,5,RPG,62059,https://media.rawg.io/media/games/7c4/7c448374df84b607f67ce9182a3a3ca7.jpg
766,59,Massively Multiplayer,4260,https://media.rawg.io/media/games/095/0953bf01cd4e4dd204aba85489ac9868.jpg
3272,15,Sports,22820,https://media.rawg.io/media/screenshots/28b/28bec9939d190ba619cad0693ebe304d.jpg
3272,1,Racing,25843,https://media.rawg.io/media/games/41b/41ba37b6a3e706dc1d27d49afbf0f72a.jpg
3272,51,Indie,86729,https://media.rawg.io/media/games/b4e/b4e4c73d5aa4ec66bbf75375c4847a2b.jpg
278,4,Action,191809,https://media.rawg.io/media/games/49c/49c3dfa4ce2f6f140cc4825868e858cb.jpg
278,5,RPG,62059,https://media.rawg.io/media/games/7c4/7c448374df84b607f67ce9182a3a3ca7.jpg
29028,4,Action,191809,https://media.rawg.io/media/games/49c/49c3dfa4ce2f6f140cc4825868e858cb.jpg
29028,2,Shooter,59643,https://media.rawg.io/media/games/d58/d588947d4286e7b5e0e12e1bea7d9844.jpg
7689,4,Action,191809,https://media.rawg.io/media/games/49c/49c3dfa4ce2f6f140cc4825868e858cb.jpg
3287,4,Action,191809,https://media.rawg.io/media/games/49c/49c3dfa4ce2f6f140cc4825868e858cb.jpg
3192,4,Action,191809,https://media.rawg.io/media/games/49c/49c3dfa4ce2f6f140cc4825868e858cb.jpg
3192,2,Shooter,59643,https://media.rawg.io/media/games/d58/d588947d4286e7b5e0e12e1bea7d9844.jpg
416,4,Action,191809,https://media.rawg.io/media/games/49c/49c3dfa4ce2f6f140cc4825868e858cb.jpg
16944,5,RPG,62059,https://media.rawg.io/media/games/7c4/7c448374df84b607f67ce9182a3a3ca7.jpg
290856,4,Action,191809,https://media.rawg.io/media/games/49c/49c3dfa4ce2f6f140cc4825868e858cb.jpg
290856,2,Shooter,59643,https://media.rawg.io/media/games/d58/d588947d4286e7b5e0e12e1bea7d9844.jpg
17822,4,Action,191809,https://media.rawg.io/media/games/49c/49c3dfa4ce2f6f140cc4825868e858cb.jpg
17822,5,RPG,62059,https://media.rawg.io/media/games/7c4/7c448374df84b607f67ce9182a3a3ca7.jpg
9767,4,Action,191809,https://media.rawg.io/media/games/49c/49c3dfa4ce2f6f140cc4825868e858cb.jpg
9767,51,Indie,86729,https://media.rawg.io/media/games/b4e/b4e4c73d5aa4ec66bbf75375c4847a2b.jpg
9767,83,Platformer,100950,https://media.rawg.io/media/games/942/9424d6bb763dc38d9378b488603c87fa.jpg
11973,4,Action,191809,https://media.rawg.io/media/games/49c/49c3dfa4ce2f6f140cc4825868e858cb.jpg
11973,5,RPG,62059,https://media.rawg.io/media/games/7c4/7c448374df84b607f67ce9182a3a3ca7.jpg
23027,4,Action,191809,https://media.rawg.io/media/games/49c/49c3dfa4ce2f6f140cc4825868e858cb.jpg
23027,3,Adventure,152132,https://media.rawg.io/media/games/b6b/b6b20bfc4b34e312dbc8aac53c95a348.jpg
19103,4,Action,191809,https://media.rawg.io/media/games/49c/49c3dfa4ce2f6f140cc4825868e858cb.jpg
3498,4,Action,191809,https://media.rawg.io/media/games/49c/49c3dfa4ce2f6f140cc4825868e858cb.jpg
3328,4,Action,191809,https://media.rawg.io/media/games/49c/49c3dfa4ce2f6f140cc4825868e858cb.jpg
3328,5,RPG,62059,https://media.rawg.io/media/games/7c4/7c448374df84b607f67ce9182a3a3ca7.jpg
4200,2,Shooter,59643,https://media.rawg.io/media/games/d58/d588947d4286e7b5e0e12e1bea7d9844.jpg
4200,7,Puzzle,97455,https://media.rawg.io/media/games/198/1988a337305e008b41d7f536ce9b73f6.jpg
4291,2,Shooter,59643,https://media.rawg.io/media/games/d58/d588947d4286e7b5e0e12e1bea7d9844.jpg
5286,4,Action,191809,https://media.rawg.io/media/games/49c/49c3dfa4ce2f6f140cc4825868e858cb.jpg
13536,4,Action,191809,https://media.rawg.io/media/games/49c/49c3dfa4ce2f6f140cc4825868e858cb.jpg
13536,7,Puzzle,97455,https://media.rawg.io/media/games/198/1988a337305e008b41d7f536ce9b73f6.jpg
12020,4,Action,191809,https://media.rawg.io/media/games/49c/49c3dfa4ce2f6f140cc4825868e858cb.jpg
12020,2,Shooter,59643,https://media.rawg.io/media/games/d58/d588947d4286e7b5e0e12e1bea7d9844.jpg
28,4,Action,191809,https://media.rawg.io/media/games/49c/49c3dfa4ce2f6f140cc4825868e858cb.jpg
5679,4,Action,191809,https://media.rawg.io/media/games/49c/49c3dfa4ce2f6f140cc4825868e858cb.jpg
5679,5,RPG,62059,https://media.rawg.io/media/games/7c4/7c448374df84b607f67ce9182a3a3ca7.jpg
13537,4,Action,191809,https://media.rawg.io/media/games/49c/49c3dfa4ce2f6f140cc4825868e858cb.jpg
13537,2,Shooter,59643,https://media.rawg.io/media/games/d58/d588947d4286e7b5e0e12e1bea7d9844.jpg
4062,4,Action,191809,https://media.rawg.io/media/games/49c/49c3dfa4ce2f6f140cc4825868e858cb.jpg
4062,2,Shooter,59643,https://media.rawg.io/media/games/d58/d588947d4286e7b5e0e12e1bea7d9844.jpg
802,4,Action,191809,https://media.rawg.io/media/games/49c/49c3dfa4ce2f6f140cc4825868e858cb.jpg
802,2,Shooter,59643,https://media.rawg.io/media/games/d58/d588947d4286e7b5e0e12e1bea7d9844.jpg
802,5,RPG,62059,https://media.rawg.io/media/games/7c4/7c448374df84b607f67ce9182a3a3ca7.jpg
3439,3,Adventure,152132,https://media.rawg.io/media/games/b6b/b6b20bfc4b34e312dbc8aac53c95a348.jpg
4286,4,Action,191809,https://media.rawg.io/media/games/49c/49c3dfa4ce2f6f140cc4825868e858cb.jpg
4286,2,Shooter,59643,https://media.rawg.io/media/games/d58/d588947d4286e7b5e0e12e1bea7d9844.jpg
58175,4,Action,191809,https://media.rawg.io/media/games/49c/49c3dfa4ce2f6f140cc4825868e858cb.jpg
32,4,Action,191809,https://media.rawg.io/media/games/49c/49c3dfa4ce2f6f140cc4825868e858cb.jpg
32,2,Shooter,59643,https://media.rawg.io/media/games/d58/d588947d4286e7b5e0e12e1bea7d9844.jpg
3070,4,Action,191809,https://media.rawg.io/media/games/49c/49c3dfa4ce2f6f140cc4825868e858cb.jpg
3070,5,RPG,62059,https://media.rawg.io/media/games/7c4/7c448374df84b607f67ce9182a3a3ca7.jpg
1030,4,Action,191809,https://media.rawg.io/media/games/49c/49c3dfa4ce2f6f140cc4825868e858cb.jpg
1030,3,Adventure,152132,https://media.rawg.io/media/games/b6b/b6b20bfc4b34e312dbc8aac53c95a348.jpg
1030,51,Indie,86729,https://media.rawg.io/media/games/b4e/b4e4c73d5aa4ec66bbf75375c4847a2b.jpg
1030,7,Puzzle,97455,https://media.rawg.io/media/games/198/1988a337305e008b41d7f536ce9b73f6.jpg
1030,83,Platformer,100950,https://media.rawg.io/media/games/942/9424d6bb763dc38d9378b488603c87fa.jpg
3939,4,Action,191809,https://media.rawg.io/media/games/49c/49c3dfa4ce2f6f140cc4825868e858cb.jpg
3939,2,Shooter,59643,https://media.rawg.io/media/games/d58/d588947d4286e7b5e0e12e1bea7d9844.jpg
11859,4,Action,191809,https://media.rawg.io/media/games/49c/49c3dfa4ce2f6f140cc4825868e858cb.jpg
11859,2,Shooter,59643,https://media.rawg.io/media/games/d58/d588947d4286e7b5e0e12e1bea7d9844.jpg
2454,4,Action,191809,https://media.rawg.io/media/games/49c/49c3dfa4ce2f6f140cc4825868e858cb.jpg
2454,2,Shooter,59643,https://media.rawg.io/media/games/d58/d588947d4286e7b5e0e12e1bea7d9844.jpg
41494,4,Action,191809,https://media.rawg.io/media/games/49c/49c3dfa4ce2f6f140cc4825868e858cb.jpg
41494,2,Shooter,59643,https://media.rawg.io/media/games/d58/d588947d4286e7b5e0e12e1bea7d9844.jpg
41494,5,RPG,62059,https://media.rawg.io/media/games/7c4/7c448374df84b607f67ce9182a3a3ca7.jpg
422,4,Action,191809,https://media.rawg.io/media/games/49c/49c3dfa4ce2f6f140cc4825868e858cb.jpg
422,51,Indie,86729,https://media.rawg.io/media/games/b4e/b4e4c73d5aa4ec66bbf75375c4847a2b.jpg
422,83,Platformer,100950,https://media.rawg.io/media/games/942/9424d6bb763dc38d9378b488603c87fa.jpg
4459,4,Action,191809,https://media.rawg.io/media/games/49c/49c3dfa4ce2f6f140cc4825868e858cb.jpg
4459,3,Adventure,152132,https://media.rawg.io/media/games/b6b/b6b20bfc4b34e312dbc8aac53c95a348.jpg
10213,4,Action,191809,https://media.rawg.io/media/games/49c/49c3dfa4ce2f6f140cc4825868e858cb.jpg
10213,59,Massively Multiplayer,4260,https://media.rawg.io/media/games/095/0953bf01cd4e4dd204aba85489ac9868.jpg
766,4,Action,191809,https://media.rawg.io/media/games/49c/49c3dfa4ce2f6f140cc4825868e858cb.jpg
766,2,Shooter,59643,https://media.rawg.io/media/games/d58/d588947d4286e7b5e0e12e1bea7d9844.jpg
766,5,RPG,62059,https://media.rawg.io/media/games/7c4/7c448374df84b607f67ce9182a3a3ca7.jpg
766,59,Massively Multiplayer,4260,https://media.rawg.io/media/games/095/0953bf01cd4e4dd204aba85489ac9868.jpg
3272,15,Sports,22820,https://media.rawg.io/media/screenshots/28b/28bec9939d190ba619cad0693ebe304d.jpg
3272,1,Racing,25843,https://media.rawg.io/media/games/41b/41ba37b6a3e706dc1d27d49afbf0f72a.jpg
3272,51,Indie,86729,https://media.rawg.io/media/games/b4e/b4e4c73d5aa4ec66bbf75375c4847a2b.jpg
278,4,Action,191809,https://media.rawg.io/media/games/49c/49c3dfa4ce2f6f140cc4825868e858cb.jpg
278,5,RPG,62059,https://media.rawg.io/media/games/7c4/7c448374df84b607f67ce9182a3a3ca7.jpg
29028,4,Action,191809,https://media.rawg.io/media/games/49c/49c3dfa4ce2f6f140cc4825868e858cb.jpg
29028,2,Shooter,59643,https://media.rawg.io/media/games/d58/d588947d4286e7b5e0e12e1bea7d9844.jpg
7689,4,Action,191809,https://media.rawg.io/media/games/49c/49c3dfa4ce2f6f140cc4825868e858cb.jpg
3287,4,Action,191809,https://media.rawg.io/media/games/49c/49c3dfa4ce2f6f140cc4825868e858cb.jpg
3192,4,Action,191809,https://media.rawg.io/media/games/49c/49c3dfa4ce2f6f140cc4825868e858cb.jpg
3192,2,Shooter,59643,https://media.rawg.io/media/games/d58/d588947d4286e7b5e0e12e1bea7d9844.jpg
416,4,Action,191809,https://media.rawg.io/media/games/49c/49c3dfa4ce2f6f140cc4825868e858cb.jpg
16944,5,RPG,62059,https://media.rawg.io/media/games/7c4/7c448374df84b607f67ce9182a3a3ca7.jpg
290856,4,Action,191809,https://media.rawg.io/media/games/49c/49c3dfa4ce2f6f140cc4825868e858cb.jpg
290856,2,Shooter,59643,https://media.rawg.io/media/games/d58/d588947d4286e7b5e0e12e1bea7d9844.jpg
17822,4,Action,191809,https://media.rawg.io/media/games/49c/49c3dfa4ce2f6f140cc4825868e858cb.jpg
17822,5,RPG,62059,https://media.rawg.io/media/games/7c4/7c448374df84b607f67ce9182a3a3ca7.jpg
9767,4,Action,191809,https://media.rawg.io/media/games/49c/49c3dfa4ce2f6f140cc4825868e858cb.jpg
9767,51,Indie,86729,https://media.rawg.io/media/games/b4e/b4e4c73d5aa4ec66bbf75375c4847a2b.jpg
9767,83,Platformer,100950,https://media.rawg.io/media/games/942/9424d6bb763dc38d9378b488603c87fa.jpg
11973,4,Action,191809,https://media.rawg.io/media/games/49c/49c3dfa4ce2f6f140cc4825868e858cb.jpg
11973,5,RPG,62059,https://media.rawg.io/media/games/7c4/7c448374df84b607f67ce9182a3a3ca7.jpg
23027,4,Action,191809,https://media.rawg.io/media/games/49c/49c3dfa4ce2f6f140cc4825868e858cb.jpg
23027,3,Adventure,152132,https://media.rawg.io/media/games/b6b/b6b20bfc4b34e312dbc8aac53c95a348.jpg
19103,4,Action,191809,https://media.rawg.io/media/games/49c/49c3dfa4ce2f6f140cc4825868e858cb.jpg
3498,4,Action,191809,https://media.rawg.io/media/games/49c/49c3dfa4ce2f6f140cc4825868e858cb.jpg
3328,4,Action,191809,https://media.rawg.io/media/games/49c/49c3dfa4ce2f6f140cc4825868e858cb.jpg
3328,5,RPG,62059,https://media.rawg.io/media/games/7c4/7c448374df84b607f67ce9182a3a3ca7.jpg
4200,2,Shooter,59643,https://media.rawg.io/media/games/d58/d588947d4286e7b5e0e12e1bea7d9844.jpg
4200,7,Puzzle,97455,https://media.rawg.io/media/games/198/1988a337305e008b41d7f536ce9b73f6.jpg
4291,2,Shooter,59643,https://media.rawg.io/media/games/d58/d588947d4286e7b5e0e12e1bea7d9844.jpg
5286,4,Action,191809,https://media.rawg.io/media/games/49c/49c3dfa4ce2f6f140cc4825868e858cb.jpg
13536,4,Action,191809,https://media.rawg.io/media/games/49c/49c3dfa4ce2f6f140cc4825868e858cb.jpg
13536,7,Puzzle,97455,https://media.rawg.io/media/games/198/1988a337305e008b41d7f536ce9b73f6.jpg
12020,4,Action,191809,https://media.rawg.io/media/games/49c/49c3dfa4ce2f6f140cc4825868e858cb.jpg
12020,2,Shooter,59643,https://media.rawg.io/media/games/d58/d588947d4286e7b5e0e12e1bea7d9844.jpg
28,4,Action,191809,https://media.rawg.io/media/games/49c/49c3dfa4ce2f6f140cc4825868e858cb.jpg
5679,4,Action,191809,https://media.rawg.io/media/games/49c/49c3dfa4ce2f6f140cc4825868e858cb.jpg
5679,5,RPG,62059,https://media.rawg.io/media/games/7c4/7c448374df84b607f67ce9182a3a3ca7.jpg
13537,4,Action,191809,https://media.rawg.io/media/games/49c/49c3dfa4ce2f6f140cc4825868e858cb.jpg
13537,2,Shooter,59643,https://media.rawg.io/media/games/d58/d588947d4286e7b5e0e12e1bea7d9844.jpg
4062,4,Action,191809,https://media.rawg.io/media/games/49c/49c3dfa4ce2f6f140cc4825868e858cb.jpg
4062,2,Shooter,59643,https://media.rawg.io/media/games/d58/d588947d4286e7b5e0e12e1bea7d9844.jpg
802,4,Action,191809,https://media.rawg.io/media/games/49c/49c3dfa4ce2f6f140cc4825868e858cb.jpg
802,2,Shooter,59643,https://media.rawg.io/media/games/d58/d588947d4286e7b5e0e12e1bea7d9844.jpg
802,5,RPG,62059,https://media.rawg.io/media/games/7c4/7c448374df84b607f67ce9182a3a3ca7.jpg
3439,3,Adventure,152132,https://media.rawg.io/media/games/b6b/b6b20bfc4b34e312dbc8aac53c95a348.jpg
4286,4,Action,191809,https://media.rawg.io/media/games/49c/49c3dfa4ce2f6f140cc4825868e858cb.jpg
4286,2,Shooter,59643,https://media.rawg.io/media/games/d58/d588947d4286e7b5e0e12e1bea7d9844.jpg
58175,4,Action,191809,https://media.rawg.io/media/games/49c/49c3dfa4ce2f6f140cc4825868e858cb.jpg
32,4,Action,191809,https://media.rawg.io/media/games/49c/49c3dfa4ce2f6f140cc4825868e858cb.jpg
32,2,Shooter,59643,https://media.rawg.io/media/games/d58/d588947d4286e7b5e0e12e1bea7d9844.jpg
3070,4,Action,191809,https://media.rawg.io/media/games/49c/49c3dfa4ce2f6f140cc4825868e858cb.jpg
3070,5,RPG,62059,https://media.rawg.io/media/games/7c4/7c448374df84b607f67ce9182a3a3ca7.jpg
1030,4,Action,191809,https://media.rawg.io/media/games/49c/49c3dfa4ce2f6f140cc4825868e858cb.jpg
1030,3,Adventure,152132,https://media.rawg.io/media/games/b6b/b6b20bfc4b34e312dbc8aac53c95a348.jpg
1030,51,Indie,86729,https://media.rawg.io/media/games/b4e/b4e4c73d5aa4ec66bbf75375c4847a2b.jpg
1030,7,Puzzle,97455,https://media.rawg.io/media/games/198/1988a337305e008b41d7f536ce9b73f6.jpg
1030,83,Platformer,100950,https://media.rawg.io/media/games/942/9424d6bb763dc38d9378b488603c87fa.jpg
3939,4,Action,191809,https://media.rawg.io/media/games/49c/49c3dfa4ce2f6f140cc4825868e858cb.jpg
3939,2,Shooter,59643,https://media.rawg.io/media/games/d58/d588947d4286e7b5e0e12e1bea7d9844.jpg
11859,4,Action,191809,https://media.rawg.io/media/games/49c/49c3dfa4ce2f6f140cc4825868e858cb.jpg
11859,2,Shooter,59643,https://media.rawg.io/media/games/d58/d588947d4286e7b5e0e12e1bea7d9844.jpg
2454,4,Action,191809,https://media.rawg.io/media/games/49c/49c3dfa4ce2f6f140cc4825868e858cb.jpg
2454,2,Shooter,59643,https://media.rawg.io/media/games/d58/d588947d4286e7b5e0e12e1bea7d9844.jpg
41494,4,Action,191809,https://media.rawg.io/media/games/49c/49c3dfa4ce2f6f140cc4825868e858cb.jpg
41494,2,Shooter,59643,https://media.rawg.io/media/games/d58/d588947d4286e7b5e0e12e1bea7d9844.jpg
41494,5,RPG,62059,https://media.rawg.io/media/games/7c4/7c448374df84b607f67ce9182a3a3ca7.jpg
422,4,Action,191809,https://media.rawg.io/media/games/49c/49c3dfa4ce2f6f140cc4825868e858cb.jpg
422,51,Indie,86729,https://media.rawg.io/media/games/b4e/b4e4c73d5aa4ec66bbf75375c4847a2b.jpg
422,83,Platformer,100950,https://media.rawg.io/media/games/942/9424d6bb763dc38d9378b488603c87fa.jpg
4459,4,Action,191809,https://media.rawg.io/media/games/49c/49c3dfa4ce2f6f140cc4825868e858cb.jpg
4459,3,Adventure,152132,https://media.rawg.io/media/games/b6b/b6b20bfc4b34e312dbc8aac53c95a348.jpg
10213,4,Action,191809,https://media.rawg.io/media/games/49c/49c3dfa4ce2f6f140cc4825868e858cb.jpg
10213,59,Massively Multiplayer,4260,https://media.rawg.io/media/games/095/0953bf01cd4e4dd204aba85489ac9868.jpg
766,4,Action,191809,https://media.rawg.io/media/games/49c/49c3dfa4ce2f6f140cc4825868e858cb.jpg
766,2,Shooter,59643,https://media.rawg.io/media/games/d58/d588947d4286e7b5e0e12e1bea7d9844.jpg
766,5,RPG,62059,https://media.rawg.io/media/games/7c4/7c448374df84b607f67ce9182a3a3ca7.jpg
766,59,Massively Multiplayer,4260,https://media.rawg.io/media/games/095/0953bf01cd4e4dd204aba85489ac9868.jpg
3272,15,Sports,22820,https://media.rawg.io/media/screenshots/28b/28bec9939d190ba619cad0693ebe304d.jpg
3272,1,Racing,25843,https://media.rawg.io/media/games/41b/41ba37b6a3e706dc1d27d49afbf0f72a.jpg
3272,51,Indie,86729,https://media.rawg.io/media/games/b4e/b4e4c73d5aa4ec66bbf75375c4847a2b.jpg
278,4,Action,191809,https://media.rawg.io/media/games/49c/49c3dfa4ce2f6f140cc4825868e858cb.jpg
278,5,RPG,62059,https://media.rawg.io/media/games/7c4/7c448374df84b607f67ce9182a3a3ca7.jpg
29028,4,Action,191809,https://media.rawg.io/media/games/49c/49c3dfa4ce2f6f140cc4825868e858cb.jpg
29028,2,Shooter,59643,https://media.rawg.io/media/games/d58/d588947d4286e7b5e0e12e1bea7d9844.jpg
7689,4,Action,191809,https://media.rawg.io/media/games/49c/49c3dfa4ce2f6f140cc4825868e858cb.jpg
3287,4,Action,191809,https://media.rawg.io/media/games/49c/49c3dfa4ce2f6f140cc4825868e858cb.jpg
3192,4,Action,191809,https://media.rawg.io/media/games/49c/49c3dfa4ce2f6f140cc4825868e858cb.jpg
3192,2,Shooter,59643,https://media.rawg.io/media/games/d58/d588947d4286e7b5e0e12e1bea7d9844.jpg
416,4,Action,191809,https://media.rawg.io/media/games/49c/49c3dfa4ce2f6f140cc4825868e858cb.jpg
16944,5,RPG,62059,https://media.rawg.io/media/games/7c4/7c448374df84b607f67ce9182a3a3ca7.jpg
290856,4,Action,191809,https://media.rawg.io/media/games/49c/49c3dfa4ce2f6f140cc4825868e858cb.jpg
290856,2,Shooter,59643,https://media.rawg.io/media/games/d58/d588947d4286e7b5e0e12e1bea7d9844.jpg
17822,4,Action,191809,https://media.rawg.io/media/games/49c/49c3dfa4ce2f6f140cc4825868e858cb.jpg
17822,5,RPG,62059,https://media.rawg.io/media/games/7c4/7c448374df84b607f67ce9182a3a3ca7.jpg
9767,4,Action,191809,https://media.rawg.io/media/games/49c/49c3dfa4ce2f6f140cc4825868e858cb.jpg
9767,51,Indie,86729,https://media.rawg.io/media/games/b4e/b4e4c73d5aa4ec66bbf75375c4847a2b.jpg
9767,83,Platformer,100950,https://media.rawg.io/media/games/942/9424d6bb763dc38d9378b488603c87fa.jpg
11973,4,Action,191809,https://media.rawg.io/media/games/49c/49c3dfa4ce2f6f140cc4825868e858cb.jpg
11973,5,RPG,62059,https://media.rawg.io/media/games/7c4/7c448374df84b607f67ce9182a3a3ca7.jpg
23027,4,Action,191809,https://media.rawg.io/media/games/49c/49c3dfa4ce2f6f140cc4825868e858cb.jpg
23027,3,Adventure,152132,https://media.rawg.io/media/games/b6b/b6b20bfc4b34e312dbc8aac53c95a348.jpg
19103,4,Action,191809,https://media.rawg.io/media/games/49c/49c3dfa4ce2f6f140cc4825868e858cb.jpg
3498,4,Action,191809,https://media.rawg.io/media/games/49c/49c3dfa4ce2f6f140cc4825868e858cb.jpg
3328,4,Action,191809,https://media.rawg.io/media/games/49c/49c3dfa4ce2f6f140cc4825868e858cb.jpg
3328,5,RPG,62059,https://media.rawg.io/media/games/7c4/7c448374df84b607f67ce9182a3a3ca7.jpg
4200,2,Shooter,59643,https://media.rawg.io/media/games/d58/d588947d4286e7b5e0e12e1bea7d9844.jpg
4200,7,Puzzle,97455,https://media.rawg.io/media/games/198/1988a337305e008b41d7f536ce9b73f6.jpg
4291,2,Shooter,59643,https://media.rawg.io/media/games/d58/d588947d4286e7b5e0e12e1bea7d9844.jpg
5286,4,Action,191809,https://media.rawg.io/media/games/49c/49c3dfa4ce2f6f140cc4825868e858cb.jpg
13536,4,Action,191809,https://media.rawg.io/media/games/49c/49c3dfa4ce2f6f140cc4825868e858cb.jpg
13536,7,Puzzle,97455,https://media.rawg.io/media/games/198/1988a337305e008b41d7f536ce9b73f6.jpg
12020,4,Action,191809,https://media.rawg.io/media/games/49c/49c3dfa4ce2f6f140cc4825868e858cb.jpg
12020,2,Shooter,59643,https://media.rawg.io/media/games/d58/d588947d4286e7b5e0e12e1bea7d9844.jpg
28,4,Action,191809,https://media.rawg.io/media/games/49c/49c3dfa4ce2f6f140cc4825868e858cb.jpg
5679,4,Action,191809,https://media.rawg.io/media/games/49c/49c3dfa4ce2f6f140cc4825868e858cb.jpg
5679,5,RPG,62059,https://media.rawg.io/media/games/7c4/7c448374df84b607f67ce9182a3a3ca7.jpg
13537,4,Action,191809,https://media.rawg.io/media/games/49c/49c3dfa4ce2f6f140cc4825868e858cb.jpg
13537,2,Shooter,59643,https://media.rawg.io/media/games/d58/d588947d4286e7b5e0e12e1bea7d9844.jpg
4062,4,Action,191809,https://media.rawg.io/media/games/49c/49c3dfa4ce2f6f140cc4825868e858cb.jpg
4062,2,Shooter,59643,https://media.rawg.io/media/games/d58/d588947d4286e7b5e0e12e1bea7d9844.jpg
802,4,Action,191809,https://media.rawg.io/media/games/49c/49c3dfa4ce2f6f140cc4825868e858cb.jpg
802,2,Shooter,59643,https://media.rawg.io/media/games/d58/d588947d4286e7b5e0e12e1bea7d9844.jpg
802,5,RPG,62059,https://media.rawg.io/media/games/7c4/7c448374df84b607f67ce9182a3a3ca7.jpg
3439,3,Adventure,152132,https://media.rawg.io/media/games/b6b/b6b20bfc4b34e312dbc8aac53c95a348.jpg
4286,4,Action,191809,https://media.rawg.io/media/games/49c/49c3dfa4ce2f6f140cc4825868e858cb.jpg
4286,2,Shooter,59643,https://media.rawg.io/media/games/d58/d588947d4286e7b5e0e12e1bea7d9844.jpg
58175,4,Action,191809,https://media.rawg.io/media/games/49c/49c3dfa4ce2f6f140cc4825868e858cb.jpg
32,4,Action,191809,https://media.rawg.io/media/games/49c/49c3dfa4ce2f6f140cc4825868e858cb.jpg
32,2,Shooter,59643,https://media.rawg.io/media/games/d58/d588947d4286e7b5e0e12e1bea7d9844.jpg
3070,4,Action,191809,https://media.rawg.io/media/games/49c/49c3dfa4ce2f6f140cc4825868e858cb.jpg
3070,5,RPG,62059,https://media.rawg.io/media/games/7c4/7c448374df84b607f67ce9182a3a3ca7.jpg
1030,4,Action,191809,https://media.rawg.io/media/games/49c/49c3dfa4ce2f6f140cc4825868e858cb.jpg
1030,3,Adventure,152132,https://media.rawg.io/media/games/b6b/b6b20bfc4b34e312dbc8aac53c95a348.jpg
1030,51,Indie,86729,https://media.rawg.io/media/games/b4e/b4e4c73d5aa4ec66bbf75375c4847a2b.jpg
1030,7,Puzzle,97455,https://media.rawg.io/media/games/198/1988a337305e008b41d7f536ce9b73f6.jpg
1030,83,Platformer,100950,https://media.rawg.io/media/games/942/9424d6bb763dc38d9378b488603c87fa.jpg
3939,4,Action,191809,https://media.rawg.io/media/games/49c/49c3dfa4ce2f6f140cc4825868e858cb.jpg
3939,2,Shooter,59643,https://media.rawg.io/media/games/d58/d588947d4286e7b5e0e12e1bea7d9844.jpg
11859,4,Action,191809,https://media.rawg.io/media/games/49c/49c3dfa4ce2f6f140cc4825868e858cb.jpg
11859,2,Shooter,59643,https://media.rawg.io/media/games/d58/d588947d4286e7b5e0e12e1bea7d9844.jpg
2454,4,Action,191809,https://media.rawg.io/media/games/49c/49c3dfa4ce2f6f140cc4825868e858cb.jpg
2454,2,Shooter,59643,https://media.rawg.io/media/games/d58/d588947d4286e7b5e0e12e1bea7d9844.jpg
41494,4,Action,191809,https://media.rawg.io/media/games/49c/49c3dfa4ce2f6f140cc4825868e858cb.jpg
41494,2,Shooter,59643,https://media.rawg.io/media/games/d58/d588947d4286e7b5e0e12e1bea7d9844.jpg
41494,5,RPG,62059,https://media.rawg.io/media/games/7c4/7c448374df84b607f67ce9182a3a3ca7.jpg
422,4,Action,191809,https://media.rawg.io/media/games/49c/49c3dfa4ce2f6f140cc4825868e858cb.jpg
422,51,Indie,86729,https://media.rawg.io/media/games/b4e/b4e4c73d5aa4ec66bbf75375c4847a2b.jpg
422,83,Platformer,100950,https://media.rawg.io/media/games/942/9424d6bb763dc38d9378b488603c87fa.jpg
4459,4,Action,191809,https://media.rawg.io/media/games/49c/49c3dfa4ce2f6f140cc4825868e858cb.jpg
4459,3,Adventure,152132,https://media.rawg.io/media/games/b6b/b6b20bfc4b34e312dbc8aac53c95a348.jpg
10213,4,Action,191809,https://media.rawg.io/media/games/49c/49c3dfa4ce2f6f140cc4825868e858cb.jpg
10213,59,Massively Multiplayer,4260,https://media.rawg.io/media/games/095/0953bf01cd4e4dd204aba85489ac9868.jpg
766,4,Action,191809,https://media.rawg.io/media/games/49c/49c3dfa4ce2f6f140cc4825868e858cb.jpg
766,2,Shooter,59643,https://media.rawg.io/media/games/d58/d588947d4286e7b5e0e12e1bea7d9844.jpg
766,5,RPG,62059,https://media.rawg.io/media/games/7c4/7c448374df84b607f67ce9182a3a3ca7.jpg
766,59,Massively Multiplayer,4260,https://media.rawg.io/media/games/095/0953bf01cd4e4dd204aba85489ac9868.jpg
3272,15,Sports,22820,https://media.rawg.io/media/screenshots/28b/28bec9939d190ba619cad0693ebe304d.jpg
3272,1,Racing,25843,https://media.rawg.io/media/games/41b/41ba37b6a3e706dc1d27d49afbf0f72a.jpg
3272,51,Indie,86729,https://media.rawg.io/media/games/b4e/b4e4c73d5aa4ec66bbf75375c4847a2b.jpg
278,4,Action,191809,https://media.rawg.io/media/games/49c/49c3dfa4ce2f6f140cc4825868e858cb.jpg
278,5,RPG,62059,https://media.rawg.io/media/games/7c4/7c448374df84b607f67ce9182a3a3ca7.jpg
29028,4,Action,191809,https://media.rawg.io/media/games/49c/49c3dfa4ce2f6f140cc4825868e858cb.jpg
29028,2,Shooter,59643,https://media.rawg.io/media/games/d58/d588947d4286e7b5e0e12e1bea7d9844.jpg
7689,4,Action,191809,https://media.rawg.io/media/games/49c/49c3dfa4ce2f6f140cc4825868e858cb.jpg
3287,4,Action,191809,https://media.rawg.io/media/games/49c/49c3dfa4ce2f6f140cc4825868e858cb.jpg
3192,4,Action,191809,https://media.rawg.io/media/games/49c/49c3dfa4ce2f6f140cc4825868e858cb.jpg
3192,2,Shooter,59643,https://media.rawg.io/media/games/d58/d588947d4286e7b5e0e12e1bea7d9844.jpg
416,4,Action,191809,https://media.rawg.io/media/games/49c/49c3dfa4ce2f6f140cc4825868e858cb.jpg
16944,5,RPG,62059,https://media.rawg.io/media/games/7c4/7c448374df84b607f67ce9182a3a3ca7.jpg
290856,4,Action,191809,https://media.rawg.io/media/games/49c/49c3dfa4ce2f6f140cc4825868e858cb.jpg
290856,2,Shooter,59643,https://media.rawg.io/media/games/d58/d588947d4286e7b5e0e12e1bea7d9844.jpg
17822,4,Action,191809,https://media.rawg.io/media/games/49c/49c3dfa4ce2f6f140cc4825868e858cb.jpg
17822,5,RPG,62059,https://media.rawg.io/media/games/7c4/7c448374df84b607f67ce9182a3a3ca7.jpg
9767,4,Action,191809,https://media.rawg.io/media/games/49c/49c3dfa4ce2f6f140cc4825868e858cb.jpg
9767,51,Indie,86729,https://media.rawg.io/media/games/b4e/b4e4c73d5aa4ec66bbf75375c4847a2b.jpg
9767,83,Platformer,100950,https://media.rawg.io/media/games/942/9424d6bb763dc38d9378b488603c87fa.jpg
11973,4,Action,191809,https://media.rawg.io/media/games/49c/49c3dfa4ce2f6f140cc4825868e858cb.jpg
11973,5,RPG,62059,https://media.rawg.io/media/games/7c4/7c448374df84b607f67ce9182a3a3ca7.jpg
23027,4,Action,191809,https://media.rawg.io/media/games/49c/49c3dfa4ce2f6f140cc4825868e858cb.jpg
23027,3,Adventure,152132,https://media.rawg.io/media/games/b6b/b6b20bfc4b34e312dbc8aac53c95a348.jpg
19103,4,Action,191809,https://media.rawg.io/media/games/49c/49c3dfa4ce2f6f140cc4825868e858cb.jpg
3498,4,Action,191809,https://media.rawg.io/media/games/49c/49c3dfa4ce2f6f140cc4825868e858cb.jpg
3328,4,Action,191809,https://media.rawg.io/media/games/49c/49c3dfa4ce2f6f140cc4825868e858cb.jpg
3328,5,RPG,62059,https://media.rawg.io/media/games/7c4/7c448374df84b607f67ce9182a3a3ca7.jpg
4200,2,Shooter,59643,https://media.rawg.io/media/games/d58/d588947d4286e7b5e0e12e1bea7d9844.jpg
4200,7,Puzzle,97455,https://media.rawg.io/media/games/198/1988a337305e008b41d7f536ce9b73f6.jpg
4291,2,Shooter,59643,https://media.rawg.io/media/games/d58/d588947d4286e7b5e0e12e1bea7d9844.jpg
5286,4,Action,191809,https://media.rawg.io/media/games/49c/49c3dfa4ce2f6f140cc4825868e858cb.jpg
13536,4,Action,191809,https://media.rawg.io/media/games/49c/49c3dfa4ce2f6f140cc4825868e858cb.jpg
13536,7,Puzzle,97455,https://media.rawg.io/media/games/198/1988a337305e008b41d7f536ce9b73f6.jpg
12020,4,Action,191809,https://media.rawg.io/media/games/49c/49c3dfa4ce2f6f140cc4825868e858cb.jpg
12020,2,Shooter,59643,https://media.rawg.io/media/games/d58/d588947d4286e7b5e0e12e1bea7d9844.jpg
28,4,Action,191809,https://media.rawg.io/media/games/49c/49c3dfa4ce2f6f140cc4825868e858cb.jpg
5679,4,Action,191809,https://media.rawg.io/media/games/49c/49c3dfa4ce2f6f140cc4825868e858cb.jpg
5679,5,RPG,62059,https://media.rawg.io/media/games/7c4/7c448374df84b607f67ce9182a3a3ca7.jpg
13537,4,Action,191809,https://media.rawg.io/media/games/49c/49c3dfa4ce2f6f140cc4825868e858cb.jpg
13537,2,Shooter,59643,https://media.rawg.io/media/games/d58/d588947d4286e7b5e0e12e1bea7d9844.jpg
4062,4,Action,191809,https://media.rawg.io/media/games/49c/49c3dfa4ce2f6f140cc4825868e858cb.jpg
4062,2,Shooter,59643,https://media.rawg.io/media/games/d58/d588947d4286e7b5e0e12e1bea7d9844.jpg
802,4,Action,191809,https://media.rawg.io/media/games/49c/49c3dfa4ce2f6f140cc4825868e858cb.jpg
802,2,Shooter,59643,https://media.rawg.io/media/games/d58/d588947d4286e7b5e0e12e1bea7d9844.jpg
802,5,RPG,62059,https://media.rawg.io/media/games/7c4/7c448374df84b607f67ce9182a3a3ca7.jpg
3439,3,Adventure,152132,https://media.rawg.io/media/games/b6b/b6b20bfc4b34e312dbc8aac53c95a348.jpg
4286,4,Action,191809,https://media.rawg.io/media/games/49c/49c3dfa4ce2f6f140cc4825868e858cb.jpg
4286,2,Shooter,59643,https://media.rawg.io/media/games/d58/d588947d4286e7b5e0e12e1bea7d9844.jpg
58175,4,Action,191809,https://media.rawg.io/media/games/49c/49c3dfa4ce2f6f140cc4825868e858cb.jpg
32,4,Action,191809,https://media.rawg.io/media/games/49c/49c3dfa4ce2f6f140cc4825868e858cb.jpg
32,2,Shooter,59643,https://media.rawg.io/media/games/d58/d588947d4286e7b5e0e12e1bea7d9844.jpg
3070,4,Action,191809,https://media.rawg.io/media/games/49c/49c3dfa4ce2f6f140cc4825868e858cb.jpg
3070,5,RPG,62059,https://media.rawg.io/media/games/7c4/7c448374df84b607f67ce9182a3a3ca7.jpg
1030,4,Action,191809,https://media.rawg.io/media/games/49c/49c3dfa4ce2f6f140cc4825868e858cb.jpg
1030,3,Adventure,152132,https://media.rawg.io/media/games/b6b/b6b20bfc4b34e312dbc8aac53c95a348.jpg
1030,51,Indie,86729,https://media.rawg.io/media/games/b4e/b4e4c73d5aa4ec66bbf75375c4847a2b.jpg
1030,7,Puzzle,97455,https://media.rawg.io/media/games/198/1988a337305e008b41d7f536ce9b73f6.jpg
1030,83,Platformer,100950,https://media.rawg.io/media/games/942/9424d6bb763dc38d9378b488603c87fa.jpg
3939,4,Action,191809,https://media.rawg.io/media/games/49c/49c3dfa4ce2f6f140cc4825868e858cb.jpg
3939,2,Shooter,59643,https://media.rawg.io/media/games/d58/d588947d4286e7b5e0e12e1bea7d9844.jpg
11859,4,Action,191809,https://media.rawg.io/media/games/49c/49c3dfa4ce2f6f140cc4825868e858cb.jpg
11859,2,Shooter,59643,https://media.rawg.io/media/games/d58/d588947d4286e7b5e0e12e1bea7d9844.jpg
2454,4,Action,191809,https://media.rawg.io/media/games/49c/49c3dfa4ce2f6f140cc4825868e858cb.jpg
2454,2,Shooter,59643,https://media.rawg.io/media/games/d58/d588947d4286e7b5e0e12e1bea7d9844.jpg
41494,4,Action,191809,https://media.rawg.io/media/games/49c/49c3dfa4ce2f6f140cc4825868e858cb.jpg
41494,2,Shooter,59643,https://media.rawg.io/media/games/d58/d588947d4286e7b5e0e12e1bea7d9844.jpg
41494,5,RPG,62059,https://media.rawg.io/media/games/7c4/7c448374df84b607f67ce9182a3a3ca7.jpg
422,4,Action,191809,https://media.rawg.io/media/games/49c/49c3dfa4ce2f6f140cc4825868e858cb.jpg
422,51,Indie,86729,https://media.rawg.io/media/games/b4e/b4e4c73d5aa4ec66bbf75375c4847a2b.jpg
422,83,Platformer,100950,https://media.rawg.io/media/games/942/9424d6bb763dc38d9378b488603c87fa.jpg
4459,4,Action,191809,https://media.rawg.io/media/games/49c/49c3dfa4ce2f6f140cc4825868e858cb.jpg
4459,3,Adventure,152132,https://media.rawg.io/media/games/b6b/b6b20bfc4b34e312dbc8aac53c95a348.jpg
10213,4,Action,191809,https://media.rawg.io/media/games/49c/49c3dfa4ce2f6f140cc4825868e858cb.jpg
10213,59,Massively Multiplayer,4260,https://media.rawg.io/media/games/095/0953bf01cd4e4dd204aba85489ac9868.jpg
766,4,Action,191809,https://media.rawg.io/media/games/49c/49c3dfa4ce2f6f140cc4825868e858cb.jpg
766,2,Shooter,59643,https://media.rawg.io/media/games/d58/d588947d4286e7b5e0e12e1bea7d9844.jpg
766,5,RPG,62059,https://media.rawg.io/media/games/7c4/7c448374df84b607f67ce9182a3a3ca7.jpg
766,59,Massively Multiplayer,4260,https://media.rawg.io/media/games/095/0953bf01cd4e4dd204aba85489ac9868.jpg
3272,15,Sports,22820,https://media.rawg.io/media/screenshots/28b/28bec9939d190ba619cad0693ebe304d.jpg
3272,1,Racing,25843,https://media.rawg.io/media/games/41b/41ba37b6a3e706dc1d27d49afbf0f72a.jpg
3272,51,Indie,86729,https://media.rawg.io/media/games/b4e/b4e4c73d5aa4ec66bbf75375c4847a2b.jpg
278,4,Action,191809,https://media.rawg.io/media/games/49c/49c3dfa4ce2f6f140cc4825868e858cb.jpg
278,5,RPG,62059,https://media.rawg.io/media/games/7c4/7c448374df84b607f67ce9182a3a3ca7.jpg
29028,4,Action,191809,https://media.rawg.io/media/games/49c/49c3dfa4ce2f6f140cc4825868e858cb.jpg
29028,2,Shooter,59643,https://media.rawg.io/media/games/d58/d588947d4286e7b5e0e12e1bea7d9844.jpg
7689,4,Action,191809,https://media.rawg.io/media/games/49c/49c3dfa4ce2f6f140cc4825868e858cb.jpg
3287,4,Action,191809,https://media.rawg.io/media/games/49c/49c3dfa4ce2f6f140cc4825868e858cb.jpg
3192,4,Action,191809,https://media.rawg.io/media/games/49c/49c3dfa4ce2f6f140cc4825868e858cb.jpg
3192,2,Shooter,59643,https://media.rawg.io/media/games/d58/d588947d4286e7b5e0e12e1bea7d9844.jpg
416,4,Action,191809,https://media.rawg.io/media/games/49c/49c3dfa4ce2f6f140cc4825868e858cb.jpg
16944,5,RPG,62059,https://media.rawg.io/media/games/7c4/7c448374df84b607f67ce9182a3a3ca7.jpg
290856,4,Action,191809,https://media.rawg.io/media/games/49c/49c3dfa4ce2f6f140cc4825868e858cb.jpg
290856,2,Shooter,59643,https://media.rawg.io/media/games/d58/d588947d4286e7b5e0e12e1bea7d9844.jpg
17822,4,Action,191809,https://media.rawg.io/media/games/49c/49c3dfa4ce2f6f140cc4825868e858cb.jpg
17822,5,RPG,62059,https://media.rawg.io/media/games/7c4/7c448374df84b607f67ce9182a3a3ca7.jpg
9767,4,Action,191809,https://media.rawg.io/media/games/49c/49c3dfa4ce2f6f140cc4825868e858cb.jpg
9767,51,Indie,86729,https://media.rawg.io/media/games/b4e/b4e4c73d5aa4ec66bbf75375c4847a2b.jpg
9767,83,Platformer,100950,https://media.rawg.io/media/games/942/9424d6bb763dc38d9378b488603c87fa.jpg
11973,4,Action,191809,https://media.rawg.io/media/games/49c/49c3dfa4ce2f6f140cc4825868e858cb.jpg
11973,5,RPG,62059,https://media.rawg.io/media/games/7c4/7c448374df84b607f67ce9182a3a3ca7.jpg
23027,4,Action,191809,https://media.rawg.io/media/games/49c/49c3dfa4ce2f6f140cc4825868e858cb.jpg
23027,3,Adventure,152132,https://media.rawg.io/media/games/b6b/b6b20bfc4b34e312dbc8aac53c95a348.jpg
19103,4,Action,191809,https://media.rawg.io/media/games/49c/49c3dfa4ce2f6f140cc4825868e858cb.jpg
